city,total_margin,orders_count,lat,lon
null,20990.27673884782,1354,-7.6166299084078295,-50.21180912370015
Salvador,16329.193107692972,995,-12.787214760180905,-38.594120140582916
São Paulo,14990.482953414585,895,-23.489482518815645,-46.735888131284916
Brasília,12464.295461156207,774,-15.823234769418605,-47.92020453784237
Manaus,8037.886831852033,544,-3.0645293451360294,-59.975209731838234
São Luís,7456.470147922239,452,-2.5373005005309737,-44.2169350269469
Curitiba,6921.409298767176,477,-25.471017467672954,-49.287172361383654
Fortaleza,6799.577355118911,432,-3.7945265197407405,-38.56144528608797
Rio de Janeiro,5954.58215696611,428,-22.934007952476634,-43.33295361852804
Duque de Caxias,3841.0635607037425,296,-22.725547465912165,-43.288726092162165
Uberlândia,3493.4961123682842,216,-18.92026099902778,-48.28180247236111
Paço do Lumiar,3161.704435965895,175,-2.5115365708342856,-44.13949857885714
Belém,2938.3477695217516,198,-1.9505063657171715,-48.532954876313134
Montes Claros,2724.8476072476824,160,-16.725731003125,-43.854173450125
Recife,2565.4626243313414,170,-8.093830626282353,-34.89844669905882
Campinas,2432.628760570428,140,-22.9441929105,-47.12230989578571
Goiânia,2335.706024438281,149,-16.672618178120803,-49.286287071543626
Belo Horizonte,2246.0464360388974,97,-19.91866754216495,-43.93523461824742
Porto Alegre,2120.4000184645424,164,-30.039101834695124,-51.18365314109756
Barra do Corda,1966.4003974657248,74,-5.654105032,-45.25438128
Parauapebas,1866.0117631496505,130,-6.154942346,-50.48633231
Ananindeua,1807.9212185796862,118,-1.3686640697966104,-48.385573197711864
Londrina,1612.998489137518,102,-23.27697034323529,-51.146865182058825
Várzea Grande,1573.2103329829504,61,-15.654807811311475,-56.11558090032787
Itaboraí,1489.230786822444,117,-22.73029517,-42.86203835
São Gonçalo do Amarante,1455.80761677623,107,-5.217521084093458,-36.33369981644859
São José dos Campos,1430.3765499948179,65,-23.176994913846155,-45.87235577815385
Conselheiro Lafaiete,1396.6880180252315,60,-20.66651382,-43.78927633
Macapá,1365.1547015128624,105,0.04937103650352381,-51.066778452952384
Porto Seguro,1273.9847996870271,72,-16.61973169,-39.29032258
Limeira,1271.6406504690558,107,-22.576628034672897,-47.403265905233646
Cuiabá,1263.3095281740445,65,-15.574513644153846,-56.09859949876923
Águas Lindas de Goiás,1261.7149674159919,82,-15.77083743,-48.28692028
Lavras,1249.4569205598273,62,-21.26549139,-45.0391468
Franca,1225.142120122639,57,-20.55446980859649,-47.39000460526316
Itapipoca,1205.5288636555024,84,-3.3968570879999995,-39.60038838
Praia Grande,1198.9391742275234,110,-24.036145168999997,-46.500711573
Ituverava,1197.3845138933093,28,-20.32995802,-47.80805451
Lauro de Freitas,1180.1514944827522,72,-12.85874477,-38.33090091
São Félix do Xingu,1178.3032976854552,72,-7.229393984,-52.25230923
Ribeirão Preto,1172.0788961261353,85,-21.167350089058825,-47.824448425058826
São José de Ribamar,1153.8385809469435,91,-2.566311265,-44.08889007
Macaé,1150.4375339434978,76,-22.37177041,-41.77501362
Muriaé,1142.834242277169,42,-21.09168434,-42.42221714
Bragança,1118.1771924312518,64,-1.201405582,-46.73521292
Niterói,1093.3118950891987,83,-22.907201351807227,-43.1011219326506
Ipatinga,1080.11973946931,63,-19.46064708238095,-42.54991105333334
Imbituba,1076.237047717916,27,-28.19253006,-48.70315986
Vila Velha,1074.3662765510987,54,-20.362640610555555,-40.30297454277778
Camaçari,1064.2170058335687,35,-12.71970171,-38.32116469
Arujá,1059.4978472395333,59,-23.38453823,-46.32311742
Manhuaçu,1049.4670652114664,49,-20.22615974734694,-42.08693577959183
Tangará da Serra,1035.274166912236,58,-14.43534258,-58.31127243
Lagarto,1019.6552705327541,54,-10.90154964,-37.66562597
Jundiaí,1006.559480199862,67,-23.162421203880598,-46.91086610656716
Codó,998.70481558253,53,-4.566328919,-43.88853242
São Cristóvão,991.6452508613519,42,-10.96174972,-37.22297391
Santa Inês,991.5707722893852,58,-3.762607566896552,-45.443019525000004
Ponta Porã,967.5399658295062,61,-22.2026201,-55.58208727
Abaetetuba,958.8258487081162,50,-1.7301282460000003,-48.88256264
Parnamirim,956.0524923588118,77,-5.925765553181818,-35.25398464961039
Valinhos,952.5801468182461,62,-22.97221229,-46.9836483
Esmeraldas,945.8013977199059,73,-19.743136880958904,-44.256074796164384
Penedo,943.6408530477471,35,-10.23130153,-36.48241565
Teixeira de Freitas,928.0658836999561,50,-17.539914062,-39.733891117999995
Jacundá,923.6135299731337,54,-4.598226369,-49.18109117
Pouso Alegre,918.1751877033959,49,-22.26555501,-45.940320650000004
Aracaju,917.8229288347507,51,-10.912957552941174,-37.08179244941177
Caeté,912.3744288816974,27,-19.86828271,-43.637549869999994
Natal,905.4468585801155,41,-5.814088981097561,-35.24151133512195
Barcarena,892.7363489597695,60,-1.498626147,-48.63420935
Guarujá,891.1397258370996,72,-23.964880796666666,-46.27611324
Nova Serrana,890.3476208875942,59,-19.85262066,-44.974229
Ipojuca,879.7305419095626,55,-8.438475848,-35.08689119
Breves,875.8409608059985,53,-1.12138869,-50.62805333
Colônia Boa Vista,867.2619638773846,73,-3.291289693,-60.95828850000001
Rio Claro,859.9394946826352,60,-22.382762567999997,-47.5800339225
Balsas,859.6087670519482,56,-8.246883599,-46.36165559
Porto Ferreira,856.1189535942993,49,-21.841399199999998,-47.44657444
Sidrolândia,852.2488537725906,38,-21.09355876,-54.94235616999999
Portel,839.831616841885,59,-2.565418783,-50.95573558
Rosário do Sul,838.4255920046384,24,-30.32477398,-55.11473512
Santa Cruz do Capibaribe,831.8573754769685,62,-7.885821824,-36.31656688
Santa Helena,828.2169900720179,53,-5.296781272320755,-39.029370007924534
Cametá,827.0789086974409,73,-2.250956794,-49.50943583
Divinópolis,826.7866582530638,69,-12.535561732405798,-49.83085632173913
Canoas,803.939394350892,42,-29.894116630000003,-51.200408239999994
Peruíbe,796.4963551930481,49,-24.27780327,-47.0127315
Sapiranga,789.9123296175284,27,-29.6124722,-50.99522191
Marituba,789.6452301445203,48,-1.393927359,-48.31557031
Sete Lagoas,784.6511311209049,63,-19.445067551746032,-44.22955180634921
Sorriso,778.8330927273358,34,-12.73606025,-55.68147669
Indaiatuba,778.2567685795677,32,-23.10179132,-47.23141776
Nova Mutum,771.6969437705491,54,-13.62549847,-56.11214304
Goianésia,768.9801085789322,46,-15.28309442,-49.17594607
Erechim,754.1884944075865,44,-27.64380116,-52.25723039
Paranaíba,753.1067642668195,40,-19.52781315,-51.39549799
Senhor do Bonfim,749.1879157171846,28,-10.4756829,-40.11267903
Chapadinha,745.3250679958209,31,-3.854968735,-43.4444994
Barra,743.3106108596713,28,-11.07893539,-43.37716256
Jacobina,739.5738363193713,43,-11.14117947,-40.55859376
Viana,730.6426192919724,46,-15.525335577869566,-41.789828567391304
Patrocínio,729.8883885542601,40,-18.97124864,-47.05148418
Maringá,727.9014282680632,32,-23.38991364,-51.91567814
Cascavel,724.8842574809008,44,-4.237360719,-38.29792295
Cruz das Almas,724.0055249462223,31,-12.68568992,-39.12971955
Cabedelo,719.7100007750926,33,-7.027944511,-34.84786924
Ouro Preto,718.0293042975225,26,-20.39145378,-43.61074488
Planaltina,716.9042369587436,27,-15.45713595,-47.61274411
Itaitinga,708.2257082064253,31,-3.997264671,-38.54903451
Timon,705.5201773835252,34,-5.10563417982353,-42.84336612235295
Passo Fundo,701.5314250459888,45,-28.21907269,-52.4039578
Seropédica,700.4913956268675,41,-22.75578107,-43.69924279
Jeremoabo,698.0878901815893,13,-9.945974393,-38.56341462
Taiçoca,697.4169462963852,58,-10.86376024,-37.14623191
Cáceres,696.8129889318947,48,-16.52711035,-57.83679919
Piracicaba,694.9827962610975,33,-22.75316417,-47.66169588
Barreira do Campo,686.8481167986182,40,-9.364119434,-50.61119911
Livramento de Nossa Senhora,671.3700417900898,26,-13.8089231,-42.00917819000001
Florianópolis,668.9510223122294,40,-27.57975864,-48.54553606
Moru,664.1504713880522,30,-3.731847886,-49.36841895
Vargem Grande,662.8040684758519,34,-3.725343218,-43.85058457
Ubá,661.639116063724,39,-21.10622331,-42.96601583
Russas,655.0670013667113,52,-4.842611884,-38.14641877
Cabo de Santo Agostinho,651.3002084541373,53,-8.288680464603774,-35.030130883396225
Serra,650.7088776011007,51,-20.203623314705883,-40.26077444960785
Santa Isabel do Pará,648.4394811287768,57,-1.365177003,-48.12930284000001
Bento Gonçalves,645.5027133335769,37,-29.11569808,-51.52567934
Concórdia,645.2831972297656,58,-27.23858219,-52.00906481
Simões Filho,641.9776353398473,47,-12.76746434,-38.4026435
Lajedo,641.7916920265154,35,-8.682406764,-36.28951213
Navegantes,641.6082517710731,28,-26.82125772,-48.73214366999999
Mineiros,636.0859619845679,29,-17.63093087,-52.76691918
Pesqueira,635.5969744688093,47,-8.392642636,-36.73697529
Aquiraz,633.3280665175271,44,-3.9767765750000006,-38.39456359
João Pessoa,630.5379054297058,31,-7.154950744419355,-34.88603938935484
São Sebastião do Paraíso,630.3920702243746,50,-20.92412373,-47.00628923
Itapetinga,625.3177014277107,29,-15.30447212,-40.05388972
Açailândia,619.6522265709729,46,-4.759590965,-47.33207873
Ibirité,615.129995650467,40,-20.02388229,-44.06838161
Salinópolis,614.4076473863789,29,-0.685824158,-47.35214402
São José do Rio Pardo,613.5858881293531,28,-21.60353993,-46.87932266
Bertioga,613.4269313669491,26,-23.75969419,-46.02989515
Canindé,612.8636406472451,37,-4.401271533,-39.41989232
Pacatuba,611.2418737292456,49,-3.9536554340000003,-38.5977315
Alfenas,610.7086074012168,31,-21.389730949999997,-45.96688596
Brejo,605.7164263582529,26,-3.684608001,-42.82843779
Ijuí,605.1553440696682,55,-28.325120559999995,-53.89632121
Sumaré,604.2570938293045,54,-22.83017121,-47.19748379185185
Novo Horizonte,600.852311885423,31,-21.46897454,-49.28381838
Monte Santo,598.166685514185,30,-10.36415133,-39.47593668
Lagoinha,595.2403515804451,40,-8.055859224425001,-38.3051270565
Itapajé,593.9874337364975,29,-3.7294591620000004,-39.58274668
Carazinho,592.253025828849,38,-28.276710269999995,-52.85597134
Ipueiras,589.2240220540125,35,-4.580718674,-40.82147872
Campos do Jordão,588.9565469578332,25,-22.70161677,-45.53295426
Cujubim,588.1651103607614,14,-9.16172626,-62.56991975
Santiago,586.0701816137415,31,-29.12510299,-54.79767225
Campo Bom,584.6609893781565,48,-29.6717324775,-51.04862311041666
Juruti,583.0584864656006,32,-2.62287594,-56.22114859
Xanxerê,580.1879402483772,22,-26.87265771,-52.40908044
Ubatuba,575.2373885274977,46,-23.38131322,-45.02391255
Lago da Pedra,569.6432048839608,38,-4.513799696,-45.16831787
Tremembé,556.6257897825691,42,-22.94073496,-45.60367371
Boa Vista,555.0262770552973,30,2.8195751166,-60.741430118000004
Araguatins,554.9793323317041,19,-5.633217657,-48.13522766
Patos de Minas,554.9395589145491,19,-18.58470832,-46.51816533
Atalaia,551.4523904688699,30,-9.505329745,-36.07349688
Rio Grande da Serra,549.0831255691184,39,-23.7379547,-46.37926548
Joinville,546.3099272063959,26,-26.45686254,-48.75777013
Camocim de São Félix,545.8777241926533,31,-8.217808762,-35.77533049
Macaíba,545.0625271294454,48,-5.922482841,-35.43022643
Campo Verde,543.8442750844091,40,-15.34615925,-54.95986687
São José do Rio Preto,542.702227314253,17,-20.76755288,-49.40413187
Esplanada,542.4926125399245,35,-11.94564795,-37.88680923
Mata de São João,540.967129312899,34,-12.4743125,-38.14126289
Rolim de Moura,535.9777204813363,20,-11.73569512,-61.77385501
Irecê,534.0185632685033,27,-11.31555267,-41.83267557
São Caetano do Sul,533.9352173037498,42,-23.64423985,-46.56335604
Montenegro,533.870524459468,35,-29.71141724,-51.50262673
Iguatu,531.8419566483128,26,-6.356214104000001,-39.27948842
Moju,531.026713579944,33,-2.690736997,-49.10189659
Pontes e Lacerda,528.7488788847188,28,-15.47651658,-59.42435841
Santarém,522.9099851225156,35,-2.4639935256285717,-54.714307250285714
Parobé,522.303329888701,20,-29.6582015,-50.85611406
Três Lagoas,521.5806340066015,30,-20.79118104,-51.70297881
Eusébio,521.4758566794003,34,-3.878449682,-38.46018627
Cornélio Procópio,521.1124173103942,21,-23.22756332,-50.62102708
Viçosa,519.6977489110711,48,-20.74053967,-42.88618325000001
Tefé,515.3374013142095,36,-4.468254685,-65.52823255
Tramandaí,515.3266681577452,25,-30.02847716,-50.22118872
Camboriú,513.4347025377131,28,-27.07143423,-48.70985255
Naviraí,512.501861687988,28,-23.02444135,-54.02384051
São Benedito,511.1842609978033,16,-4.043049383,-40.94816549
Salto de Pirapora,510.74860895628717,25,-23.65251609,-47.58032749
Estância Velha,510.04593041904593,19,-29.6481044,-51.18867937
Ipiaú,508.12315816855397,28,-14.06033395,-39.72335086
Mongaguá,506.613611048724,20,-24.0698773,-46.66785922
Valença,505.7832400056745,44,-17.393905609090908,-41.31662215090909
Ubajara,503.6035805453564,25,-3.848181141,-40.95465853
Palmares,500.3541626590464,34,-8.660307965,-35.63289532
Paulínia,493.99265359239394,34,-22.74780747,-47.14465611
Currais Novos,493.47771033075855,20,-6.220834317,-36.44834815
Araraquara,492.87928310742626,29,-21.81438675,-48.14986313
Vila Passagem Florida,492.17423831473303,36,-3.548106219,-41.12713767
Remanso,491.87200890766604,25,-9.600617049,-42.25513279
Campos Novos,490.38101765972925,27,-27.406515139999996,-51.23003352
Teotônio Vilela,487.76760011721154,14,-9.964312128,-36.37153621
São Pedro da Aldeia,484.60077055238463,38,-22.78720982,-42.1278306
Ariquemes,480.375551566372,23,-9.889878703,-63.03701589
São Gonçalo,479.30512254118753,31,-22.80384813,-43.03224537
Augusto Corrêa,470.7853246085753,32,-1.052131692,-46.51963214
Formiga,470.74647302270694,37,-20.555027,-45.5171948
Itarema,470.5436351600327,23,-3.0480834270000003,-39.89066389
São Bento,470.33246151907156,30,-5.238728618666666,-39.97971637666667
Araruama,469.19389444413486,53,-22.75520702,-42.29344195
Cianorte,465.85597810120356,42,-23.72735866,-52.62690302
Rio Bonito,465.00667100833175,40,-22.73536327,-42.58871866
Porto Feliz,464.8524645178452,28,-23.23008816,-47.51664694
Cotia,463.388946148353,36,-23.610232265833332,-46.94269167
Penápolis,462.0398595105826,24,-21.40509259,-50.09590396000001
Barra Bonita,461.158515224617,24,-22.47918014,-48.54157743
Santa Helena de Goiás,457.0748721531457,29,-17.80065585,-50.57692211
Quixadá,456.6248370042634,30,-4.946736918,-38.95289008
Nanuque,453.0671645234811,31,-17.77856905,-40.49597396
São Francisco,452.30039578782885,39,-15.89721748,-44.86262033
Outeiro,451.8834267886176,23,-3.460563339,-45.33294217
Sapé,451.64416551439,25,-11.050768519999998,-37.32025229
Pará de Minas,450.6772206037496,21,-19.866729292857144,-44.59573823904762
Batatais,450.1247276160072,34,-20.86743997,-47.57483134
União dos Palmares,449.79711689155283,29,-9.125812842,-36.00663021
Santos Dumont,448.5948236622811,21,-21.45830148,-43.52637091
Santa Cruz,448.0880575327899,24,-6.252002164,-36.00284964
Guanambi,448.0359626760177,29,-14.20489259,-42.83249684
Autazes,447.1006628682806,22,-3.789090328,-59.52875462
Xique-Xique,445.9650863548593,32,-11.01908289,-42.74850014
Marechal Deodoro,444.62717305592963,27,-9.708467904,-35.9058385
Icó,442.2078526985795,33,-6.382291839,-38.77528505
Portão,441.93581810155,28,-29.70124985,-51.24851619
Mafra,439.63148842886307,25,-26.26350558,-49.84431101
Cajamar,438.85858390932515,31,-23.35051913,-46.87148932
Nova Andradina,435.26992942642676,20,-21.92630903,-53.42209971999999
São Mateus do Sul,433.22797894193855,27,-25.90825107,-50.44158884
Balneário Rincão,431.83036734273963,37,-28.770091310000005,-49.27995226
Rio Pardo,430.88322214574856,23,-30.014130920000003,-52.43610866
Itapema,428.7315162425102,20,-27.10816716,-48.63334146
Oliveira,428.0945555394705,21,-20.75025492,-44.73684449
Três Corações,427.89927785383566,31,-21.68684273,-45.2054128
Lucas do Rio Verde,426.68264850962396,39,-13.03800268,-56.16622946
Catu,426.3495969521351,28,-12.33625175,-38.41953259999999
Olímpia,425.67330909950925,18,-20.70499644,-48.95931087
Caetité,425.3139116211504,18,-13.976677,-42.49735666
Santa Rita,425.05371350403175,52,-4.466742768807692,-41.268022486153846
Piedade,423.2560209335899,28,-23.7869579,-47.43820813
Embu-Guaçu,421.63822137373415,37,-23.85427659,-46.83026372
Igarapé-Miri,419.7073519049993,38,-2.062213532,-49.13054615
São Lourenço do Sul,418.6302287035693,9,-31.23411667,-52.12041081
Taquaritinga,417.46326899858576,34,-21.42529908,-48.5376836
Cachoeiras de Macacu,415.51940463504786,25,-22.516205029999995,-42.72891602
Missão Velha,413.6811146920897,16,-7.301918349,-39.15181607
Itapecuru Mirim,413.23110167110804,32,-3.406098138,-44.26531908
Barra de São Francisco,413.14371239042,20,-18.66922053,-40.82888622
Mariana,413.13154926128936,29,-20.3296087,-43.3319413
Alenquer,412.30029147765975,23,-0.5482633612,-55.07153691
Santa Quitéria,411.77109931227926,18,-4.343551853,-40.04733317
Garanhuns,411.0484912949598,22,-8.887372183,-36.48470521
Oriximiná,410.5841767519522,33,0.2550909527,-57.14994134
Paracatu,409.8643114815631,29,-17.1742011,-46.88531208
Benevides,409.72626068322273,38,-1.340342914,-48.27430462
Salobra,409.1639658063274,25,-10.75597485,-37.82844983
Tietê,408.70140329250563,20,-23.0490931,-47.70757548
Barretos,405.89017997664706,28,-20.5321671,-48.56146636
Pacajus,405.5737421687768,45,-4.190849671,-38.50747492
Itupiranga,405.50126894308113,23,-5.114978073,-49.86961630999999
Paraíba do Sul,405.2780319385695,26,-22.18369701,-43.30595532
Ibiúna,404.5642083549287,17,-23.80235888,-47.21517991
Itacoatiara,403.22300196191003,37,-3.174438416,-58.77666913
Cajazeiras,402.96919908156013,27,-6.919302569,-38.54203425
Ponta de Pedras,402.6171861163308,26,-1.1174036,-49.0774038
Santa Luzia,400.76954172233746,36,-4.284794409,-45.87460342
Araioses,399.4799252328493,23,-2.948924747,-42.00033217
Dias d'Ávila,399.229325222225,21,-12.60648025,-38.28968297
Bom Conselho,398.5489965685708,26,-9.1976648,-36.68980246
Prudentópolis,398.4642910343198,19,-25.12546677,-51.10415918
Jardinópolis,395.988543026526,21,-20.99192125,-47.82642462
Itamaraju,395.9069357808074,24,-17.00437764,-39.76337163
Cerquilho,395.35272070454,22,-23.18703155,-47.7570882
Igarassu,392.5878657769495,24,-7.870662038,-34.89882678
Escada,392.304879549441,16,-8.370212497,-35.26441967
Queimadas,391.6981020283683,19,-7.411569739,-35.91043663
Conceição do Coité,390.4039981815564,30,-11.52265531,-39.264287
Santana,389.26639683057994,27,0.1268670887,-51.37753193
Guarantã do Norte,388.0865902725519,24,-9.760326247,-54.76474835
Nova Viçosa,387.0556411436086,14,-17.90046391,-39.71607589
Guaíba,387.02310864816565,34,-30.17737354,-51.43366082
Januária,386.72820143493436,26,-15.30633028,-44.91201377
Aparecida,385.36793784810175,26,-22.91415138,-45.23703491
Picos,385.2978237612304,28,-7.128859417,-41.52334039
São Vicente,384.6639597882279,13,-23.950259420000002,-46.40878713
São Sebastião,383.43872893893655,28,-23.75254906,-45.60519302
São Gabriel,382.762359768441,33,-30.30392303,-54.36546892
Tianguá,382.26183210255056,42,-3.7155353580000003,-41.00305769
Lago Verde,381.40386487200817,17,-4.116830128,-44.76690954
Mirassol,377.9853684836688,20,-20.82778641,-49.5043727
Fernandópolis,377.33654002797783,11,-20.27203839,-50.28300212
São José de Mipibu,375.81913233796706,14,-6.063021912000001,-35.29563801
Santa Bárbara D'Oeste,374.3549398296757,28,-22.73793126,-47.381127189999994
Itaqui,373.84820166685046,18,-29.21364475,-56.1750618
Caieiras,372.7600002795125,36,-23.37634739,-46.74486795
Mamanguape,371.38279407596116,19,-6.711480791,-35.15555219
Santo Antônio da Platina,369.2892821949653,29,-23.29641349,-50.08566248
Barreirinhas,368.9423392810302,22,-2.842288214,-42.90815622
São Joaquim da Barra,367.76536978909087,26,-20.55031135,-47.93850226
Pinheiro,366.4423488503393,41,-2.509474111,-45.13198288
Iranduba,366.0299142362119,15,-3.0953611210000003,-60.48041684
Itararé,365.80949501905116,16,-24.080597,-49.30361177
Marechal Cândido Rondon,365.556848236625,39,-24.58517682,-54.14993171
Horizonte,364.9299620781788,33,-4.109353168,-38.46605331
Itanhaém,364.81053305021123,25,-24.0915222,-46.83473893
Congonhas,364.5872252514055,20,-20.51650407,-43.8618274
Rio Largo,362.95028086271896,19,-9.477105065,-35.86378379
Eunápolis,362.1042216380774,33,-16.36817568,-39.57624462
Granja,360.7654125016591,30,-3.233205447,-40.99735567999999
Campo Formoso,360.2818077355593,18,-10.25113959,-40.70946422
Santos,360.1958004676872,22,-23.98236556,-46.3032787
Luis Eduardo Magalhães,359.9182371336366,25,-12.20035985,-46.013848980000006
Nossa Senhora da Glória,357.65236951182953,25,-10.17862785,-37.52441102
Santaluz,357.2460991518352,14,-11.22265403,-39.49658916
Indaial,356.01618759383325,22,-26.995446459999997,-49.22341446
Taiobeiras,355.9655429889765,17,-15.82255879,-42.05327835
Rosário,354.70236893609126,28,-2.945191426,-44.20221707
Pedreira,352.58142843260214,25,-22.75485669,-46.88844133
Videira,351.7296501128672,13,-27.01122482,-51.1143913
Lagoa da Prata,349.90387776151414,25,-20.01156473,-45.494728519999995
Inhambupe,349.79942669392204,27,-11.77444272,-38.4134615
Grajaú,346.7496895647457,18,-5.848795481,-46.06527694
Itaperuna,346.1891605906933,31,-21.22477136,-41.89502468
São João Batista,345.0784561636167,19,-27.33387535,-48.8658571
Rio Real,344.8274425525732,17,-11.54427253,-37.92093306
Mangaratiba,344.1977052272318,18,-22.95613402,-44.03989959
Crateús,342.7033799967022,21,-5.205861926,-40.70641694
Euclides da Cunha,342.6053316263783,23,-10.46409962,-38.87662732
Poções,342.1271090539359,22,-14.54481928,-40.37893037
Santo Antônio do Tauá,341.49869859322985,22,-1.093094278,-48.18287366
Cabo Frio,340.4582226106683,29,-22.73452661724138,-42.01910922103448
Canoinhas,338.6831477081182,19,-26.25070114,-50.53643872
Ibiporã,336.37951448167024,22,-23.23695039,-51.03775665
Visconde do Rio Branco,335.9798824373666,17,-21.01239262,-42.84124303
Paiçandu,332.2579713871388,17,-23.4652187,-52.12246192
Goiana,332.2508546846457,36,-7.60495477,-34.94678115
Itaipava do Grajaú,332.13873975163125,16,-5.122639092,-45.53251164
Barra do Bugres,331.1359614650865,24,-15.044246800000002,-57.69282476
Acará,329.22739635971107,23,-2.035493958,-48.41137829
Mundo Novo,328.77966662006315,23,-5.305846889,-46.57394608
São Gotardo,328.0224571102186,19,-19.35776701,-45.99874625
Itabira,327.8179821839703,25,-19.63255819,-43.21868443
Santo Antônio de Pádua,325.14112718006965,21,-21.55657228,-42.19296031
Andradas,323.5253431868269,14,-22.07630271,-46.5551829
Araçoiaba da Serra,323.0723682649872,25,-23.543836430000002,-47.65133537
Monte Alegre,322.9265292957985,22,-1.128673825,-54.33107005
Porto Velho,322.46490635739366,12,-8.77007316,-63.89413457999999
São Mateus do Maranhão,322.2387899435159,26,-3.990824985,-44.53699251
Quixeramobim,321.76221005778365,26,-5.248398304,-39.34117462
Boa Viagem,321.3019521218178,18,-5.077486749,-39.80865163
Extrema,321.27543072394303,16,-22.82559741,-46.28993383
Acaraú,321.08661758517957,29,-2.967763496,-40.09149651
Vargem Grande do Sul,319.0973988123556,19,-21.86041341,-46.89884765
Aquidauana,317.58090672442256,27,-19.755490550000005,-55.86324783
Itupeva,316.44164413534617,18,-23.14535228,-47.07127996
Irati,315.1557084534598,13,-25.488781659999997,-50.82506058
Rondon do Pará,314.7664175062388,21,-4.517054957,-48.46028349
Sena Madureira,314.2304131128439,24,-9.857324143,-69.4370574
Contagem,313.76371762054697,18,-19.89218979,-44.0293845
São João de Meriti,313.39868306193614,17,-22.78474925,-43.37006602
Janaúba,312.8332657287482,16,-15.79737759,-43.39660201
Bom Gosto,312.26358308974477,29,-2.911638895,-42.3626641
Vinhedo,311.30555403177857,26,-23.0464316,-46.97901834
Beberibe,311.16665795788776,17,-4.400263309,-38.11378722
Santa Cruz do Rio Pardo,309.79807816980747,25,-22.80911337,-49.56854916
Rolândia,307.99727203757254,32,-23.27237078,-51.4091947
Pedro II,307.4231289281238,15,-4.491674948,-41.39969638
Ipirá,307.02448049407764,17,-12.20018865,-39.78253377
Jaguariúna,306.6175171727548,24,-22.69169101,-47.0128463
Embu das Artes,305.56620893745924,18,-23.63946137,-46.81560626
Canela,302.5521653014148,19,-29.351238089999995,-50.77591148
Moreno,302.27663748256623,17,-8.142710947,-35.14577393
Morada Nova,300.91368799679236,26,-5.036092152,-38.43422761
Cosmópolis,300.0915378230045,26,-22.65102327,-47.18589163
Tabatinga,299.00406631153714,26,-4.027765309,-69.68133808
Vargem Grande Paulista,298.3876777433413,23,-23.62786066,-47.01635766
São Francisco do Conde,297.58511788694466,19,-12.64422379,-38.62769934
São Bento do Una,297.2302182587854,22,-8.53425904,-36.44881632
Maceió,297.059346802876,27,-9.587883508888888,-35.76747992888889
Orlândia,296.6548570488318,18,-20.69840553,-47.90630966
Anapu,296.57408745297147,19,-3.9963920540000006,-51.30158219
Catanduva,295.67119766803063,19,-21.13570362,-48.9754292
Boituva,295.343430971564,23,-23.287585169999996,-47.674654
Ibitinga,295.3107675503756,20,-21.79278685,-48.84795026
Araranguá,294.64226491716624,18,-28.94220475,-49.47154175
Estrêla,294.2037441464393,7,-29.50841392,-51.91988796
Agrovila Liberal,293.573021785326,22,-8.731116865,-35.47318855
Mauriti,293.53680492249293,21,-7.3970558429999995,-38.71178289
Américo Brasiliense,292.6961255986587,15,-21.72183337,-48.03243432
Agudos,292.10450521579133,24,-22.571475360000004,-49.10848582
Mairiporã,290.8164219081089,26,-23.317542699999997,-46.5613569
São Francisco do Sul,290.6678293188287,25,-26.25437326,-48.65378955999999
Colniza,289.1308878165183,12,-9.28468908,-60.323908460000006
Igarapé-Açu,287.9632631983591,16,-1.147167328,-47.567067
Itamarandiba,286.7638662864121,12,-17.85665145,-42.87743356000001
Bocaiúva,286.4439754518848,15,-17.2880302,-43.68754485
Floriano,285.8431751676851,23,-7.007870979000001,-43.07271427
Floresta,285.6352234628572,13,-8.564553435,-38.30573345
Tomé-Açu,285.24549089442553,11,-2.637252993,-48.26740909
São Pedro,284.6903762110369,10,-22.55912171,-47.92450601
Concórdia do Pará,284.46395776993774,27,-1.883432306,-47.97415712
Vespasiano,284.11244829912897,25,-19.73147324,-43.94508852
Guapimirim,283.086101437885,19,-22.58350312,-42.96468857
Esperantina,282.29775178013875,16,-3.826140089,-42.19414968
Ceará-Mirim,281.49578069231376,25,-5.595833316,-35.39481584
Paracambi,281.47451190742134,19,-22.62196623,-43.7255931
Registro,281.3494662275691,18,-24.50339508,-47.81920555
Pelotas,280.4668781556512,22,-31.77818284,-52.40396097
Campina Grande,278.0500916222829,25,-7.226568345999999,-35.88748371
Barra do Garças,277.41483272380907,29,-15.3608426,-52.46512298
Oeiras,276.670283555075,17,-6.963163442,-42.16425705
Saquarema,275.60053988706727,25,-22.87906834,-42.518901150000005
Bagre,275.2543480072592,14,-2.373162338,-50.18176619
Pedro Leopoldo,275.1121702675527,24,-19.64127126,-44.0533858
São Manuel,274.25518330997903,12,-22.681751540000004,-48.54027692
Sorocaba,273.1826953989812,20,-23.451792542,-47.478786794
Serrinha,272.993885567317,24,-11.648739830000002,-38.97161551
Itápolis,272.7707407982404,12,-21.54775863,-48.81538842
Jacarezinho,270.0655320334047,13,-23.14918531,-49.94790354999999
Trairi,269.41132182215944,16,-3.337884615,-39.35437698
Unaí,266.8863282989379,27,-16.37543807,-46.81926246
Assú,266.6210947719239,21,-5.524861628,-37.00968432
Itaberaba,266.24044716474947,19,-12.49775281,-40.26039
Curitibanos,266.13470414392384,13,-27.292295149999998,-50.61821017
Imperatriz,265.9783868100611,24,-5.523563449,-47.47722689
Dois Irmãos,265.20242895846144,15,-29.59769131,-51.08833644
Custódia,264.08304254782524,13,-8.166644803,-37.67462904
Paraguaçu Paulista,260.4752084112099,20,-22.45904162,-50.62665438
Pentecoste,260.18355409520956,13,-3.850985802,-39.15341079
Barras,259.1042026158714,20,-4.187310736,-42.37386298
Itapeva,257.8631847385475,15,-23.99515414,-48.875763
Coruripe,257.1774485928938,20,-10.08503535,-36.23270508
Tijucas,257.075146368964,20,-27.24705257,-48.70156807
Lagoa Santa,256.18336860839435,25,-19.62820256,-43.88724861
Guaxupé,254.33000884647137,23,-21.2909064,-46.68336353
Santa Cruz das Palmeiras,253.54852061366876,17,-21.85534766,-47.24993606
Itabaiana,253.362186894306,19,-10.68576606,-37.42205071
Nova Odessa,252.64773073004568,15,-22.78394919,-47.28442352
Guaramirim,252.4376792854013,18,-26.47478034,-48.94431731
Vassouras,252.3923324868224,17,-22.36741099,-43.5812499
Promissão,251.3856105812111,13,-21.52482607,-49.87038832
Ponta Grossa,251.33581813791406,13,-25.14629034,-50.11939991
São Desidério,251.03155270402615,16,-12.79955297,-45.48347928
Pilar,250.98886805649585,24,-9.611931101,-36.01656458
Nova Venécia,250.70507378645178,25,-18.69893411,-40.52006258
Camaquã,249.71989137046944,19,-30.921719389999996,-51.78894845
Santo Estêvão,248.48206247628903,28,-12.46796324,-39.27014547
Itingá do Pará,248.4639644403592,20,-4.186946719,-47.89827463
Nova Vida,248.14421802379292,18,-4.612972971,-46.69292245
Rio Branco,248.09073684843116,23,-9.945567619,-67.83560991
Santana do Ipanema,248.08338807792273,20,-9.35840959,-37.210821
Barbalha,247.70304746263645,20,-7.376388627999999,-39.31296617
Bom Jesus da Lapa,246.93706598098953,19,-13.29704448,-43.28993412
Hortolândia,246.87518820205673,26,-22.894758814615386,-47.21661136423077
Porteirinha,246.2543462906309,18,-15.70801158,-43.08201108
Leopoldina,246.16239870933606,16,-21.54930636,-42.64457839
Pontal,245.03764598711257,12,-20.98798458,-48.0684609
Louveira,243.65041750034771,20,-23.08413001,-46.93711708
Torres,242.30374802149763,11,-29.328859910000002,-49.80917069
Guarabira,241.7023920685315,13,-6.877552391,-35.44704914
Monte Alto,239.56545532665504,23,-21.25900223,-48.53307151
Niquelândia,239.39105135662373,13,-14.49865342,-48.40165764
Venâncio Aires,239.3307028334251,20,-29.577750760000004,-52.19289896
João Pinheiro,238.52840039814106,13,-17.60429517,-45.93539781
Rio Brilhante,237.16735464160087,14,-21.69636047,-54.55768652
Tucumã,237.03393202753006,12,-6.820262672000001,-51.391310409999996
Monte Carmelo,234.19408812843653,24,-18.71027334,-47.46120381
José Bonifácio,231.6427507668443,19,-21.08942927,-49.77960213
Muaná,231.5875856433179,28,-1.355471464,-49.30934249
Ouro Branco,231.53543510708482,19,-20.52586737,-43.67467254
Ouricuri,228.84707777058247,23,-7.967470271999999,-40.16823163
Capivari,228.1148216174519,21,-22.98049462,-47.47790491
Catende,226.58696101930155,17,-8.667710205,-35.73107784
Lamarão do Passé,225.36548498077045,20,-12.51215741,-38.4996473
Águas Belas,225.22961446301196,27,-9.08742793,-37.03921466
Curvelo,223.74531543389278,17,-18.82060265,-44.44865701
Tuntum,223.67337924219083,13,-5.63336991,-44.71361003
Moitas,223.6627151946083,14,-3.239222824,-39.78278834
Jaraguá,223.63977306537512,21,-15.70523408,-49.38530047999999
Artur Nogueira,223.51313668339017,16,-22.56103791,-47.1319884
Salgueiro,223.47446427369266,21,-8.13232269,-39.07824231
Bom Despacho,222.497452297972,20,-19.6855579,-45.28771329
Brumado,221.47804820378084,18,-14.17125196,-41.68227543
Tauá,221.11939672002455,23,-5.933803509,-40.25310513
Campo Belo,220.7822872147706,21,-20.92068506,-45.25633571
Paragominas,220.67470855562763,19,-3.007350888,-47.35411952
Medianeira,219.52342927628555,8,-25.26131504,-54.10172212
Amambaí,218.7939503117659,17,-23.15786147,-54.96763366
Campo Alegre,217.75631596036607,14,-9.804009564,-36.28838215
Curralinho,217.68701690455634,16,-1.584464464,-49.98823106
Jaguaquara,217.44461657488597,20,-13.54562568,-39.96259297
Riachão do Jacuípe,217.419933545446,8,-11.8130121,-39.42469248
Surubim,216.88092423696258,15,-7.888766416,-35.75212475
Presidente Dutra,216.50896004600722,20,-5.297701958,-44.46795218
Cruanji,216.39821729721015,22,-7.531745608999999,-35.34645701
Socorro,216.3760673751731,15,-22.6111656,-46.52422814
Paudalho,215.79332114438782,19,-7.905571294999999,-35.15429859
Guaratuba,214.80742194095507,15,-25.81777331,-48.76838837
Camocim,214.19251590467638,11,-2.9539288280000005,-40.80660689
Campo Novo do Parecis,213.1909302881416,22,-13.710281909999999,-57.99299024
Itaúna,213.06654313654334,18,-20.08315074,-44.59993614
Teresina,213.03622855822354,8,-5.032921545,-42.81494458
São Francisco de Itabapoana,212.97640438317376,18,-21.41675108,-41.13571868
Pirapora,212.88419605839482,14,-17.39969103,-44.86749318
Salinas,212.3837846191628,16,-16.1091612,-42.15387578
Miranda do Norte,211.88275212621858,18,-3.534477991,-44.52889856
João Monlevade,211.8622556583109,12,-19.8270473,-43.16423840000001
Porangatu,208.42798193713242,23,-13.29286911,-49.23086956
Armação dos Búzios,208.15493510187628,16,-22.77617754,-41.95028735
Brumadinho,207.87432721180252,17,-20.17769533,-44.1221915
Santo Amaro,207.8450004736983,16,-12.54901567,-38.76641831
Santa Rita do Sapucaí,205.8945775020211,12,-22.23766237,-45.68314838
Itatiaia,204.90011639541194,14,-22.4389208,-44.58400081
Seabra,203.35679743149564,14,-12.42666742,-41.87998885999999
Taquari,202.75400358279396,19,-23.14908579,-44.70612579
Guajará,201.81727167848572,20,-7.274080946,-72.82854757
Porto Nacional,201.0965964774071,14,-10.54454781,-48.4971835
Sarzedo,200.7763460286008,14,-20.05957801,-44.1213402
Santana do Paraíso,200.59250600017558,18,-19.38479763,-42.52102402
São João do Abade,200.11385097922596,26,-0.7429574462,-47.86326347
Marau,199.32783183045024,14,-28.44867372,-52.26819337
Cristalina,196.0920489570776,13,-16.69800959,-47.51782177
Limoeiro do Norte,196.02605400320394,15,-5.151731994,-38.0538562
Osório,195.63807994471918,28,-29.91649718,-50.271372989999996
Ipixuna do Pará,195.19639851705767,30,-2.815020817,-47.93128811
Espírito Santo do Pinhal,194.96907347991342,13,-22.19208909,-46.79332993
Parque Eldorado,194.88000034805123,10,-30.07743026,-51.49423426
Monteiro,194.79755162625443,13,-7.9093195110000005,-37.09004715
Placas,194.7958568068171,14,-3.889663075,-54.50025625
Parnarama,194.13192412563703,12,-5.624782284000001,-43.47276957
Santa Maria de Jetibá,192.96622332923224,11,-20.0853486,-40.80390384
Gramado,192.56071930413708,10,-29.386288279999995,-50.89968669
Juína,192.32204952218123,14,-11.5309523,-59.32364598
Ribeirão,191.7457142218583,17,-8.505817291,-35.36593604
Ibaté,191.6249512581703,15,-21.95045658,-48.02732839
Iperó,190.14477545272032,13,-23.404407310000003,-47.62879661
Entre Rios,186.99751183864848,21,-12.0612823,-38.05105167
João Alfredo,186.99441459077886,12,-7.86011761,-35.584795
Caxias do Sul,186.8082317662463,20,-29.16671256,-51.17254366
Pacajá,186.46774774790526,16,-3.684254432,-50.6315693
Ouro Preto do Oeste,186.15640745604603,12,-10.60834902,-62.17075398
Guaíra,185.93121598140405,7,-20.313940299999995,-48.36393904
Estreito,183.64650250173807,15,-6.7826304,-47.20069717
Jaguariaíva,183.12563720403853,10,-24.3309806,-49.6975566
Vacaria,182.9490287522656,25,-28.36978195,-50.92383566
Vitória do Mearim,182.32251910807383,10,-3.5635053999999995,-44.9651833
Coronel Fabriciano,180.9935656892214,15,-19.504508840000003,-42.61813342
Quirinópolis,178.99771620343896,11,-18.43752168,-50.52982408
Ipu,177.18533046110826,13,-4.374416149,-40.66688786
Serrana,174.907052343215,18,-21.21699742,-47.61242224
Aurora do Pará,174.06163492956622,9,-2.231192678,-47.72649994
Canguçu,173.4006940836331,16,-31.21519873,-52.66807362
Pojuca,172.91148799249805,14,-12.34290772,-38.24166888999999
Presidente Venceslau,172.75163853431187,14,-21.79299791,-51.83812024
Tangente,172.38666199092438,11,-3.485468614,-40.39634281
Palmas,171.53852661314315,15,-26.45029443,-51.81352816
Campina Grande do Sul,169.84071110460962,12,-25.18627101,-48.84475067
Guajará-Mirim,169.56925902195036,13,-11.30423503,-64.52743881
Raposa,169.22351279258427,9,-2.434230174,-44.08710342
Paraíso do Tocantins,168.4633223278734,15,-10.22345274,-48.83159985
Guariba,167.58890603993467,14,-21.395466270000004,-48.2264741
São Joaquim de Bicas,167.4680730189046,8,-20.07155743,-44.24939678
Pimenta Bueno,166.90697239416306,15,-11.89477193,-60.83006751999999
Balneário Camboriú,166.87620417925504,14,-27.0002673,-48.63343054
Rio Verde,166.30455848034777,13,-17.78674847,-50.905219419999995
Sirinhaém,162.56477439174324,16,-8.569359145,-35.17350833
Barbacena,162.23111022443177,9,-21.2272552,-43.77170263
Tanguá,161.58174437852162,11,-22.78179207,-42.72647796
Itabaianinha,160.36880272548177,6,-11.25752558,-37.77940745
Mucuri,159.19024912568105,9,-18.05967985,-39.86754407
Piripiri,158.19598483651262,15,-4.32711786,-41.78740354
São Miguel do Oeste,156.93815918496045,11,-26.72673951,-53.51274457
Mocajuba,156.35101844816327,13,-2.579158329,-49.46691262
Aracati,155.7157416344176,15,-4.682956187,-37.6873228
Charqueadas,155.7028665347348,14,-29.99096517,-51.55731939000001
Marialva,154.0928932947468,13,-23.53059633,-51.86756898
Correntinho,153.67572865633736,19,-18.83437675,-42.85297449
Monte Mor,152.23195028305526,12,-22.95311895,-47.307355269999995
Lapa,150.94717906242522,23,-25.77019317,-49.87175658
Buíque,150.80032149259293,18,-8.655856513,-37.12701409
Estância,150.3488386251774,13,-11.2490173,-37.39812005
Cidade Ocidental,149.26539163744818,14,-16.12490285,-47.81917447
Dracena,149.12183023239214,16,-21.55683229,-51.58385495
Baião,148.61816662149502,10,-3.189835241,-49.7294804
Tapiraim,148.25920627500915,13,-8.328826789,-36.14858382
Santa Isabel,148.10268035259344,12,-23.28868586,-46.24210172
Bariri,147.71493523262603,12,-22.06634654,-48.71861385
Santo Antônio do Descoberto,147.06730252494373,23,-16.0856091,-48.28350749
Araçuaí,146.93670968221215,9,-16.93081537,-41.99286757
Matozinhos,145.83450830296982,19,-19.52448652,-44.05203624
São José da Tapera,142.41057541693425,9,-9.531928628,-37.49498126
Iturama,142.0709931927371,14,-19.71703003,-50.34515713
Poço Redondo,141.9666467979808,16,-9.848880099,-37.71107086
Biguaçu,140.53608685775612,16,-27.42385021,-48.70875907
Frutal,137.4627795754631,10,-20.03568061,-49.00011236
Caicó,137.19666804782253,15,-6.471872642,-37.039548110000005
Sertânia,136.45043407166852,14,-8.213304294,-37.33413349
Presidente Epitácio,136.1387678124921,15,-21.90977107,-52.172808
Morro do Chapéu,136.1006058028006,13,-11.47120204,-41.15031659
São Gabriel da Cachoeira,135.65901808353027,13,0.3743701485,-67.99762567
Medicilândia,135.02076984243092,18,-3.160244485,-53.19498448
José de Freitas,134.46488869801968,20,-4.712110333,-42.52764435
Nascente,134.31757453971576,21,-7.607673759000001,-40.49631329
Itabirito,133.77293597933868,20,-20.25372922,-43.81012893
São Borja,133.24513849885358,18,-28.7469787,-55.79626269
Camamu,131.39010770843794,8,-14.01695977,-39.18000706
Casa Nova,131.25858212166395,17,-9.24001809,-41.33650931
Macaúbas,130.78236639407223,11,-13.17946592,-42.71069407
Santo Antônio da Patrulha,129.06004598778165,13,-29.86513288,-50.55781541
Rio Preto da Eva,128.29989998617003,6,-2.52987936,-59.63838229
Jaíba,128.11062715980574,11,-15.2406682,-43.66931374
Maracaju,127.89326834678717,15,-21.55192158,-55.39677155
Quaraí,124.8420916608613,12,-30.280040510000003,-56.15280128
Colombo,123.2826959931146,12,-25.35682605,-49.19812625
Bodocó,122.95693850757563,17,-7.657714462999999,-39.9608263
Uruguaiana,122.70395812281465,10,-29.76946992,-57.097586279999994
Santa Maria da Vitória,122.67074737550872,9,-13.22452312,-44.38484243
Coelho Neto,122.53684965677908,10,-4.248748984,-43.11193489
Alto Alegre do Pindaré,122.30667446955917,14,-3.892586108,-46.03148703
Três Pontas,122.08975766476976,11,-21.39422543,-45.49870103
Vigia,121.8264069189011,10,-0.8907935419000002,-48.1355044
Alta Floresta,119.58490780443944,12,-10.0552721,-56.36620200000001
Peixoto de Azevedo,118.57675291055001,10,-10.1479836,-53.58697821
Bonito,118.12257417928042,13,-8.494697113,-35.70661647
São Lourenço,117.92519224214388,12,-22.11748493,-45.03447001999999
Canaã dos Carajás,117.87060533440267,17,-6.424416198,-50.08555695
Guaraciaba do Norte,117.38046438136138,10,-4.233380159,-40.88182753
Laguna,117.00092776091992,12,-28.466113859999997,-48.84144996
São Gabriel da Palha,116.42807416708757,11,-18.95259757,-40.50968688
Machado,116.14938956628521,13,-21.666909330000003,-45.92011042
Aguaí,116.07750016680473,12,-22.04976465,-47.04014326
Timbó,114.75124617551045,21,-26.80911796,-49.27105268
Diadema,114.12650730963318,15,-23.67169569,-46.61932074
Pomerode,111.83855268192181,12,-26.729195469999997,-49.17312222
Dois Vizinhos,111.7828928934842,10,-25.74981827,-53.07518747
Pitangueiras,110.7443084280527,11,-21.00593656,-48.24917314000001
Capela,110.6541620422433,16,-10.47023497,-37.03779733
Mairinque,110.13355725898454,17,-23.50737171,-47.22953552
Afogados da Ingazeira,108.61818697312032,5,-7.737729646,-37.61916807
Colinas do Tocantins,106.41107726901328,8,-8.076360231,-48.529843
Igrejinha,104.7577943519379,14,-29.55956838,-50.79460461
Ipiranga do Norte,104.4993767337443,9,-12.22576893,-56.39158967
São Miguel dos Campos,102.37779221504861,12,-9.767301121,-36.09735538
Farroupilha,100.53586263645047,14,-29.21201991,-51.36539021
São Raimundo Nonato,100.0075361207013,10,-8.976156637,-42.71358525
Cravinhos,99.18107505175793,10,-21.33969426,-47.7445643
Jaru,97.60763622409566,13,-10.59547863,-62.58250656
Ipubi,92.05189991051769,9,-7.504208463000001,-40.22882513
Caruaru,91.56605801612159,12,-8.07666499,-36.27984317
Camilo Torres,90.53525709529745,7,-3.825357958,-70.02987003
Apodi,89.22838659775067,8,-5.643090501,-37.84704647
Panambi,88.76835967985363,7,-28.33241206,-53.50792848
Piumhi,88.44360918432957,6,-20.44201288,-46.05087489000001
Vera Cruz,88.39948063927002,14,-13.01213661,-38.71569575
Itaberaí,86.58313598522815,8,-16.08002736,-49.8224533
Ribeira do Pombal,85.90000976944701,11,-10.76751267,-38.49452859
Maricá,84.42413255551608,12,-22.895770009999996,-42.835866079999995
Paracuru,83.2206542806644,9,-3.479169946,-39.03710684
Caueras,82.15478907375132,9,-7.602243513,-35.19248996
Cícero Dantas,82.09603845219804,13,-10.53749522,-38.41651311
São Miguel da Serra,81.21119809056512,6,-26.38751837,-51.01255768000001
São José do Egito,81.06425177308118,13,-7.526374771000001,-37.27466684
Lagoa do Sal,80.99714411089167,9,-5.272002431,-35.61512902
São Fidélis,79.98112661480636,3,-21.66026033,-41.78790392
Urucuba,78.17443334701166,13,-7.846748978,-35.44748694
Igarapé,77.66358098438576,6,-20.05921493,-44.32195373
São Domingos do Maranhão,76.88249481596087,12,-5.65514206,-44.34249495
Inhumas,76.49281065727754,13,-16.30766407,-49.51598481
Ulianopolis,76.16635962219547,9,-3.80970619,-47.49397296
Casimiro de Abreu,75.54829902560343,11,-22.48247914,-42.14453164
Itiúba,74.2804549087852,8,-10.73011151,-39.84576712
Oeiras do Pará,70.8474596514838,8,-2.271191252,-49.89939436
Bom Jesus do Itabapoana,70.35857324649272,5,-21.12339944,-41.68370944
Mauá,69.38585864813297,15,-23.67104056,-46.43296238999999
Altos,68.9344616580138,10,-5.014340543,-42.48051203
João Câmara,67.18096606265237,5,-5.474072696,-35.87008613
Rio das Pedras,67.13391842374448,6,-22.850205330000005,-47.59844622
Morrinhos,65.56941423607864,15,-17.77488339,-49.12922796
Garça,65.05837943460328,7,-22.230562530000004,-49.68965754
Conceição do Jacuípe,64.63132430457438,9,-12.33266113,-38.74673052
Uruaçu,60.914804783995635,10,-14.41939696,-49.08993267
Amargosa,60.7489559876841,9,-13.0378715,-39.63456631
Taquara,59.787541958195646,6,-29.666612239999996,-50.76055141999999
São João da Barra,59.475714346807806,9,-21.78336317,-41.08063481
Rio Negrinho,59.408839737728854,9,-26.42040128,-49.5572797
Diamantina,58.9767312398684,15,-17.98827413,-43.61283335
Sinop,58.684402424185656,6,-11.823922079999997,-55.54183274
Castelo,58.127588219981874,6,-20.55035487,-41.203612
Tobias Barreto,57.8396795586722,14,-11.03650497,-38.00854431
Padre Bernardo,55.66225087807548,6,-15.36116836,-48.30541376
Ourilândia do Norte,55.58161237059114,11,-7.554177295,-51.45010546
Miguel Alves,55.15922272187744,8,-4.238682931,-42.77692258
Capelinha,54.208794149103255,13,-17.69341178,-42.49173533
Pederneiras,52.825832083899726,16,-22.30086816,-48.86100163
Jaguarari,52.105939931038364,5,-10.05165804,-40.1051587
Uruará,47.363050791244014,5,-3.583587602,-53.80731116
Almenara,44.767976376181146,5,-16.09089786,-40.72078701
São Luís do Quitunde,44.22225761529441,8,-9.253242222,-35.62934169
Toritama,43.80772642388719,10,-7.9960892889999995,-36.06247022
Baixio do Boi,43.688816928922925,5,-7.539824767000001,-38.9376228
Garibaldi,43.18775689635258,7,-29.24068463,-51.57909022
Barreiros,42.03484491723586,6,-8.819619955,-35.26007169
Cabreúva,41.56999606597167,4,-23.30101017,-47.07992931
Campo Maior,41.0889007288739,6,-4.877870724,-42.14711748
Boa Esperança,40.39199990686029,3,-21.04947483,-45.62230725999999
Marabá,40.258853534839616,10,-5.337355907,-49.0960069
Betim,37.8360422590229,5,-19.95280821,-44.15691209
Passos,36.00692179839436,9,-20.71328231,-46.59879632
Buritis,33.403846250945435,3,-10.05180347,-63.94202749000001
Baturité,33.33647550480137,3,-4.388032524,-38.8581603
União,29.079369807535898,4,-4.594782853,-42.78989862
Tarauacá,29.06365104585178,5,-8.325245103,-71.55302951
Dom Pedrito,27.533946446526464,5,-31.056814179999996,-54.66550212
Capão Novo,27.379525761622805,6,-29.67941655,-50.00013051
Murutuba,23.57201704245778,6,-12.6395483,-38.88552735
Confresa,21.728521106179358,9,-10.40357883,-51.69819721
Arcos,19.64285279931732,5,-20.26080665,-45.54724265
Goianésia do Pará,12.23489987790808,3,-4.033237387,-49.00642725
Penalva,10.344270132502368,3,-3.234501322,-45.297677670000006
Pedra Branca,4.52288918394511,1,-5.494049771,-39.84395681
Rio Branco do Sul,0.0,2,-25.07829781,-49.34479834
